,player.id.skillcorner,pass.recipient.id.skillcorner,location.x,location.y,pass.endLocation.x,pass.endLocation.y,dxt,responsibility
0,277,946,14.82352941176471,5.636923076923077,13.764705882352942,-4.932307692307693,0.00028338753106999957,0.29490090198016805
1,277,5922,18.0,15.27111111111111,18.0,25.258947368421055,-0.0045894337422995,1.8493896147616335
2,277,6028,-47.91666666666667,-23.802105263157895,-39.66666666666667,-20.160000000000004,0.00027200652792259993,1.4758182533193187
3,277,6028,-15.882352941176464,-7.046153846153846,-27.529411764705884,-28.90105263157895,-0.0019995333977281,1.9642768449663712
4,277,6028,7.411764705882348,-21.61684210526316,-18.0,-28.172631578947367,0.013452349223538499,0.21436613803973253
5,277,6028,11.647058823529413,-12.215555555555556,3.176470588235297,-28.90105263157895,-0.009377738634719099,1.3806205203238313
6,277,7604,-6.352941176470587,-17.715555555555554,25.411764705882355,1.4092307692307693,0.030705397947761105,0.7588882449801151
7,277,11516,10.588235294117652,-10.382222222222222,9.529411764705884,-20.160000000000004,-0.0003426228947456004,1.2503594425123792
8,277,11516,19.058823529411768,-2.8184615384615386,28.588235294117645,-9.16,0.014824543819801198,1.8786299160136564
9,277,11516,21.176470588235293,-4.932307692307693,21.176470588235293,-10.993333333333334,-0.0006360040882277991,1.4195955134226272
10,277,11516,39.666666666666664,-28.90105263157895,39.666666666666664,-21.61684210526316,0.014486822949835505,0.6980804776257375
11,277,11606,-21.176470588235304,-16.493333333333332,-20.117647058823536,-25.258947368421055,-0.00019209246984400012,1.0875934494625157
12,277,11606,-1.058823529411768,-22.345263157894735,-3.176470588235297,-31.086315789473684,-0.0005077468511222004,0.049445372974858605
13,277,11606,4.235294117647058,-29.629473684210527,10.588235294117652,-23.073684210526316,-0.0008610824135663001,0.07796486419826472
14,277,11630,5.294117647058826,11.604444444444445,12.705882352941174,29.629473684210524,-0.0035394380311397004,0.3387994191503718
15,277,12190,11.647058823529413,-17.104444444444447,-20.117647058823536,-12.826666666666668,0.0236779632600546,1.548534545605892
16,277,16320,12.705882352941174,-10.993333333333334,22.235294117647058,10.382222222222222,-0.0016992044926270001,0.16916336319953387
17,946,277,-18.0,13.437777777777779,-15.882352941176464,-7.046153846153846,0.0005186140902229,3.209130494816682
18,946,277,-6.352941176470587,12.826666666666666,-0.0,-4.227692307692307,-0.0035476793833320013,1.1300238441801866
19,946,277,19.058823529411768,0.0,7.411764705882348,-21.61684210526316,0.0022232284754693,0.3237051827229338
20,946,5922,-5.294117647058826,21.616842105263157,-7.411764705882355,28.172631578947367,-0.0004746343831425002,0.2410857096303709
21,946,11606,13.764705882352942,-4.932307692307693,23.294117647058826,-15.27111111111111,-0.0017719045380214997,0.0718535162869828
22,946,11630,6.352941176470587,20.88842105263158,7.411764705882348,28.90105263157895,-0.0009285914244337003,0.09883635845142759
23,946,11630,15.882352941176471,14.66,7.411764705882348,25.258947368421055,0.0014062342042285001,0.531634252595153
24,946,12218,-27.529411764705884,15.882222222222222,-21.176470588235304,18.326666666666668,0.0006939292526959003,1.085417274507453
25,946,12218,-3.176470588235297,12.826666666666666,1.058823529411768,17.104444444444447,0.0014529480000375992,1.9208867894154484
26,946,12218,-0.0,0.7046153846153846,6.352941176470587,-0.7046153846153846,0.0035701748946564017,0.31020228322484134
27,946,12218,23.294117647058826,17.715555555555554,21.176470588235293,13.437777777777779,-0.0011303135749081011,0.8631994269100847
28,946,16320,-3.176470588235297,12.826666666666666,7.411764705882348,12.826666666666666,-0.004204095607373,0.7027296180066647
29,2106,2548,-4.235294117647058,-27.44421052631579,-4.235294117647058,-14.04888888888889,0.0019838302824243,0.16065870327269735
30,2106,3837,-10.588235294117645,-5.636923076923077,-7.411764705882355,7.750769230769231,-0.0041058739375058,0.08237168273789262
31,2106,3837,-1.058823529411768,-21.61684210526316,-3.176470588235297,5.636923076923077,0.0020479369877641,1.0835715083199347
32,2106,7863,-1.058823529411768,-7.750769230769231,-9.529411764705884,-31.814736842105262,0.0010991222041140999,0.5804291126767869
33,2106,7863,4.235294117647058,4.932307692307693,-1.058823529411768,-22.345263157894735,0.0008915275578539007,1.6165417966822515
34,2106,7863,5.294117647058826,-4.932307692307693,-12.705882352941174,-26.71578947368421,0.0075226569341456,1.9934752583177193
35,2106,10738,6.352941176470587,4.227692307692307,7.411764705882348,-7.750769230769231,-0.00044886239854580005,1.2605440851219174
36,2106,12654,4.235294117647058,4.932307692307693,-12.705882352941174,25.258947368421055,0.0076302790918841,1.1447643376691663
37,2106,14397,-3.176470588235297,-17.104444444444447,-10.588235294117645,23.073684210526316,0.004007916488396501,0.7978063903509282
38,2106,14397,14.82352941176471,-1.4092307692307693,14.82352941176471,26.71578947368421,-0.0008335444610219002,2.266546732484967
39,2106,14397,18.0,9.16,2.117647058823529,28.172631578947367,0.0028140035518521996,0.7168697513208278
40,2106,14407,31.764705882352942,4.932307692307693,32.82352941176471,14.66,-0.00041949336228719997,0.2854517913541085
41,2106,24466,-11.64705882352942,-14.66,15.882352941176471,-7.046153846153846,-0.013541791291994098,0.6211206383130311
42,2106,24466,4.235294117647058,-24.530526315789473,-6.352941176470587,-15.27111111111111,0.006164317217341999,0.09669537196354575
43,2548,10738,-4.235294117647058,-14.04888888888889,9.529411764705884,-15.27111111111111,-0.0056901099266691,0.6455588201385792
44,2548,12654,4.235294117647058,10.382222222222222,10.588235294117652,25.987368421052633,-0.0031386536852387,0.4776033088599189
45,3837,7017,-27.529411764705884,-28.172631578947367,-15.882352941176464,-26.71578947368421,0.0012024943559041,1.184937304700813
46,3837,7017,-26.470588235294116,17.104444444444447,-19.058823529411768,-7.750769230769231,0.0010965411285419001,0.5943821821413124
47,3837,7017,-6.352941176470587,-3.523076923076923,-6.352941176470587,7.750769230769231,-8.57792268324992e-05,1.6801977400150356
48,3837,7017,-3.176470588235297,20.88842105263158,5.294117647058826,18.326666666666668,0.004011003192212199,1.4104001029319488
49,3837,7387,-36.0,12.826666666666666,-40.58333333333333,15.27111111111111,-0.00024726484593299994,1.9478973518533684
50,3837,7387,-28.588235294117652,19.54888888888889,-41.5,10.382222222222222,-0.0006978918283842999,1.9893054325914081
51,3837,7387,-7.411764705882355,-20.160000000000004,-20.117647058823536,-17.715555555555554,-0.0026160774176583004,2.0168688633173764
52,3837,7863,13.764705882352942,1.4092307692307693,19.058823529411768,-28.90105263157895,-0.0017570995700926001,0.3475379035178428
53,3837,10738,-8.470588235294116,20.16,-5.294117647058826,2.8184615384615386,0.0015969744017112,0.2837461097896853
54,3837,10738,-4.235294117647058,-22.345263157894735,4.235294117647058,-14.66,0.004849378594743001,1.0818534278433027
55,3837,10738,9.529411764705884,-2.1138461538461537,18.0,0.7046153846153846,-0.0021455839478517003,1.5467304176747985
56,3837,12654,-7.411764705882355,7.750769230769231,-19.058823529411768,15.882222222222222,0.0120493617309363,0.15230856099638862
57,3837,14407,-1.058823529411768,20.16,18.0,18.326666666666668,-0.005402385452219999,0.6867433849202864
58,3837,24466,-3.176470588235297,5.636923076923077,-4.235294117647058,-0.7046153846153846,0.00041349760526160004,0.7578118486232504
59,3837,24466,-3.176470588235297,8.455384615384615,-5.294117647058826,23.073684210526316,-0.0017401443720333,0.8327861174317145
60,3837,24466,4.235294117647058,15.882222222222222,18.0,7.750769230769231,-0.0036830227801738,0.4208084552357199
61,4777,7017,44.25,4.227692307692307,22.235294117647058,5.636923076923077,-0.1153107904121909,0.742456442736074
62,4777,10738,37.833333333333336,-1.4092307692307693,27.529411764705884,-18.93777777777778,0.00043447057011780014,0.40912852647314996
63,4777,10738,39.666666666666664,-2.8184615384615386,28.588235294117645,-22.345263157894735,0.00038031186191370006,0.49428099436437384
64,4777,10738,42.875,0.0,31.764705882352942,-20.160000000000004,0.00029700111895930017,0.06608869813318444
65,4777,10738,42.875,4.227692307692307,36.91666666666667,-13.437777777777779,-0.07163524140841361,0.19319516300423684
66,4777,14407,40.583333333333336,-10.993333333333334,23.294117647058826,5.636923076923077,-0.058706019269538195,0.050396555581862956
67,4777,24466,22.235294117647058,-6.341538461538462,11.647058823529413,1.4092307692307693,-0.013652602597746599,0.163863356508633
68,4777,24466,32.82352941176471,2.8184615384615386,19.058823529411768,1.4092307692307693,0.0014116665915898002,0.5561516144349927
69,4777,24466,41.5,-1.4092307692307693,37.833333333333336,7.750769230769231,5.783978052980015e-05,0.22145649467081105
70,5922,946,-2.117647058823529,28.172631578947367,6.352941176470587,20.88842105263158,-0.0022014681944781,0.17312029429098816
71,5922,11630,-7.411764705882355,26.71578947368421,5.294117647058826,23.802105263157895,-0.004562601989806101,0.013818626136347734
72,5922,11630,5.294117647058826,14.04888888888889,16.941176470588232,28.172631578947367,0.006137895740243602,1.675381917121606
73,5922,12190,6.352941176470587,14.66,-39.66666666666667,23.802105263157895,-0.0112671288109877,1.7460791739797785
74,5922,12218,-37.83333333333333,29.629473684210524,-24.35294117647058,23.073684210526316,0.0011093722897531,1.2436590231586666
75,5922,12218,-4.235294117647058,18.326666666666668,8.470588235294116,10.382222222222222,-0.0043539199719998005,0.3376142274632609
76,5922,16320,-4.235294117647058,23.802105263157895,18.0,26.71578947368421,0.0130664889714088,2.005026117393276
77,5922,16320,13.764705882352942,10.993333333333334,24.352941176470587,14.66,-0.0018126246145367003,0.3773936727790513
78,6028,277,-32.82352941176471,-17.715555555555554,-21.176470588235304,-16.493333333333332,0.0012153529480437002,2.680899430784444
79,6028,277,-27.529411764705884,-28.90105263157895,-48.83333333333333,-20.88842105263158,-0.0008785711750379,1.2816024987239316
80,6028,946,10.588235294117652,-5.636923076923077,15.882352941176471,14.66,-0.0016246757574952995,0.2541760096961492
81,6028,5922,-29.647058823529406,17.715555555555554,-41.5,22.34526315789474,-0.0007606157751495001,1.0900914961406298
82,6028,5922,25.411764705882355,-7.750769230769231,25.411764705882355,-14.04888888888889,-0.0013023091222773009,1.291621996479774
83,6028,11516,3.176470588235297,-28.90105263157895,20.11764705882353,-8.455384615384615,0.02075615288767,2.050944926072356
84,6028,11516,3.176470588235297,-10.382222222222222,5.294117647058826,-20.160000000000004,-0.0015613302770680001,0.8912562658879791
85,6028,11516,10.588235294117652,-31.086315789473684,15.882352941176471,-18.93777777777778,-0.0006686242890204998,0.24891080979756758
86,6028,11606,-27.529411764705884,-18.93777777777778,-20.117647058823536,-13.437777777777779,0.0010103696695368,2.714817007466447
87,6028,11606,-5.294117647058826,-14.04888888888889,7.411764705882348,-18.93777777777778,-0.006040022663202699,0.7049282558873657
88,6028,11606,11.647058823529413,-23.802105263157895,16.941176470588232,-17.104444444444447,0.007826448765577499,1.4926585429933417
89,6028,12218,-3.176470588235297,-22.345263157894735,5.294117647058826,-15.27111111111111,-0.0025001844975605994,0.12572354146795683
90,6028,12218,2.117647058823529,-26.71578947368421,14.82352941176471,-20.160000000000004,-0.0029056878178431,0.18878630380069858
91,7017,3837,7.411764705882348,20.88842105263158,-3.176470588235297,20.88842105263158,-0.004748894340230499,0.9294295407116798
92,7017,4777,-24.35294117647058,19.54888888888889,14.82352941176471,22.34526315789474,0.014930643649106502,0.8332692127223427
93,7017,7387,-6.352941176470587,5.636923076923077,-24.35294117647058,-8.455384615384615,-0.0039579160872303,2.274750775878539
94,7017,7863,-25.411764705882348,-21.61684210526316,-33.882352941176464,-26.71578947368421,-0.0008387994195363999,2.1027957230988505
95,7017,7863,-19.058823529411768,-7.750769230769231,-30.705882352941174,-20.88842105263158,-0.0015284903456391,0.7031634810355241
96,7017,7863,-8.470588235294116,3.523076923076923,-13.764705882352942,-24.530526315789473,-0.0023466472594183994,0.7903225887517886
97,7017,7863,-6.352941176470587,17.104444444444447,2.117647058823529,-15.27111111111111,0.0035188615428156005,1.4879749631468133
98,7017,7863,5.294117647058826,-3.523076923076923,12.705882352941174,-14.66,0.006819666838152501,0.5231892697560001
99,7017,7863,20.11764705882353,-7.046153846153846,19.058823529411768,-17.104444444444447,-0.004266515350873499,0.7090040706221652
100,7017,7863,22.235294117647058,5.636923076923077,25.411764705882355,-23.802105263157895,-0.001858346536933099,1.4255106744545734
101,7017,10082,4.235294117647058,18.326666666666668,-9.529411764705884,16.493333333333332,-0.0050234436619460004,1.0404850119983229
102,7017,10738,-15.882352941176464,-26.71578947368421,-22.235294117647058,-3.523076923076923,-0.00019864795376939998,1.23071679564211
103,7017,10738,-3.176470588235297,10.382222222222222,7.411764705882348,-12.826666666666668,-0.0043740403470326995,1.0385591348998071
104,7017,10738,13.764705882352942,10.993333333333334,16.941176470588232,-22.345263157894735,-0.00016263132516530082,0.4459796634699244
105,7017,14407,5.294117647058826,-10.993333333333334,15.882352941176471,-2.1138461538461537,0.0123630382417572,1.199159027482451
106,7017,14407,7.411764705882348,20.16,20.11764705882353,17.104444444444447,0.014748727729086602,1.4465078424837485
107,7017,14407,8.470588235294116,21.616842105263157,22.235294117647058,7.046153846153846,0.0198797854888098,0.7300108835837062
108,7017,14407,12.705882352941174,0.7046153846153846,22.235294117647058,9.16,0.011976624101337697,1.4867663845207186
109,7017,14407,14.82352941176471,10.993333333333334,21.176470588235293,4.932307692307693,0.0087483800801497,0.9719769192475172
110,7017,14407,15.882352941176471,2.1138461538461537,25.411764705882355,-1.4092307692307693,0.0128356660671302,1.357634151840753
111,7017,24466,-6.352941176470587,7.750769230769231,7.411764705882348,15.882222222222222,0.0060978380042293,0.8978010839403621
112,7017,24466,-5.294117647058826,4.932307692307693,2.117647058823529,-5.636923076923077,0.0030685977809904,1.1402642980423427
113,7017,24466,-0.0,15.882222222222222,7.411764705882348,3.523076923076923,-0.0023578311794742995,0.45615896082818075
114,7017,24466,4.235294117647058,4.227692307692307,16.941176470588232,-2.8184615384615386,-0.0037546058204611997,1.435105493735517
115,7017,24466,4.235294117647058,10.382222222222222,6.352941176470587,31.814736842105262,-0.002270369301912701,0.6848677040709467
116,7017,24466,6.352941176470587,-8.455384615384615,6.352941176470587,18.93777777777778,-0.0006278966663204998,0.7259153794689868
117,7017,24466,7.411764705882348,13.437777777777779,16.941176470588232,9.77111111111111,0.0109779913895202,1.0303550632553442
118,7017,24466,14.82352941176471,10.382222222222222,15.882352941176471,11.604444444444445,0.0011792565842366973,0.018156513371295504
119,7017,31930,-15.882352941176464,14.66,-23.294117647058826,27.44421052631579,-0.0015278950877078003,0.36481121341042133
120,7017,31930,-3.176470588235297,16.493333333333332,-14.823529411764696,23.073684210526316,-0.0038157684706825006,1.398084606171118
121,7017,31930,5.294117647058826,18.326666666666668,-26.470588235294116,-28.90105263157895,-0.008987797616745799,2.6777742243087785
122,7017,31930,14.82352941176471,5.636923076923077,4.235294117647058,14.66,-0.010506308513160402,0.8645175383847808
123,7017,33512,8.470588235294116,27.44421052631579,13.764705882352942,10.382222222222222,0.0093008793980942,1.7667004512373858
124,7387,2106,3.176470588235297,-9.16,6.352941176470587,-21.61684210526316,-0.0019487037741519999,0.6990024146157483
125,7387,3837,-41.5,10.382222222222222,-37.83333333333333,7.750769230769231,0.0002673528975601,1.5553591766695676
126,7387,7017,-19.058823529411768,-28.90105263157895,-25.411764705882348,-21.61684210526316,-0.00040428932588880027,1.4890343740089784
127,7387,7017,-1.058823529411768,0.0,8.470588235294116,21.616842105263157,0.0036616180451362994,0.3776801716200675
128,7387,7863,-21.176470588235304,-27.44421052631579,-13.764705882352942,-29.629473684210527,0.0009648652173782002,1.2110532055847727
129,7387,7863,-13.764705882352942,-23.802105263157895,-12.705882352941174,-12.826666666666668,0.0008749164462411004,2.178083103513863
130,7387,10082,14.82352941176471,25.258947368421055,19.058823529411768,31.814736842105262,0.002154126909318297,2.597488532330495
131,7387,10738,-1.058823529411768,0.7046153846153846,18.0,-11.604444444444445,0.0167371319946501,0.3663627527621331
132,7387,10738,-0.0,-15.882222222222222,13.764705882352942,-10.993333333333334,0.0113214452586004,1.166510020438502
133,7387,14407,-3.176470588235297,-19.54888888888889,10.588235294117652,-8.455384615384615,0.0099467150397524,1.6153617467986503
134,7387,14407,-0.0,-5.636923076923077,-27.529411764705884,26.71578947368421,0.0211567272260811,0.5430848850860596
135,7387,14407,-0.0,0.0,15.882352941176471,3.523076923076923,0.014312960070079902,0.14078734982529692
136,7387,31930,-24.35294117647058,-8.455384615384615,-36.0,-28.90105263157895,-0.0014003776758059999,2.4437807616453173
137,7387,31930,-16.941176470588232,-18.93777777777778,-20.117647058823536,-30.357894736842105,-0.0008426584472832998,2.172409642020264
138,7387,33512,-1.058823529411768,0.7046153846153846,6.352941176470587,-4.227692307692307,0.003989460097873401,0.7144537653796347
139,7604,8206,36.91666666666667,-13.437777777777779,-10.588235294117645,-14.04888888888889,-0.0577135942999795,2.2358343743739506
140,7604,8206,45.625,-1.4092307692307693,4.235294117647058,0.0,-0.16829523761245369,1.2105437305805233
141,7604,11516,37.833333333333336,-1.4092307692307693,16.941176470588232,-10.382222222222222,0.0019133241407309999,0.7679973423601991
142,7604,11516,37.833333333333336,4.227692307692307,38.75,-13.437777777777779,-0.016996926691969907,0.7477218648673128
143,7604,11516,39.666666666666664,-4.227692307692307,42.875,-17.104444444444447,-0.00034349002317910003,0.3069744466508336
144,7604,11516,39.666666666666664,-0.7046153846153846,24.352941176470587,-12.215555555555556,0.0009612160715553998,0.5441438810105619
145,7604,11516,39.666666666666664,2.8184615384615386,34.94117647058823,-1.4092307692307693,0.00028834711451820004,0.7537627561884532
146,7604,11516,41.5,-7.046153846153846,29.647058823529413,-10.993333333333334,0.0006835717190649001,0.06700966403528162
147,7604,11606,41.5,-8.455384615384615,19.058823529411768,-29.629473684210527,-0.0896523044102938,1.3865005471520715
148,7604,11606,48.833333333333336,-4.932307692307693,36.0,-26.71578947368421,-0.1846966535377085,0.9611624424823755
149,7604,16320,32.82352941176471,-3.523076923076923,24.352941176470587,9.77111111111111,-0.024156260445766894,0.09542007760937254
150,7604,16320,34.94117647058823,-2.1138461538461537,25.411764705882355,14.66,0.0005594585867245,0.7132928366278246
151,7604,16320,38.75,-4.227692307692307,36.91666666666667,13.437777777777779,-0.0310472956497837,0.22879694284536675
152,7863,2106,-9.529411764705884,-31.814736842105262,-1.058823529411768,-21.61684210526316,-0.002166046639599,0.34151726384894276
153,7863,2106,12.705882352941174,-28.172631578947367,20.11764705882353,-4.227692307692307,-0.0006928317824168003,0.1467151686192455
154,7863,2106,25.411764705882355,-0.7046153846153846,18.0,-4.227692307692307,0.0010649677823980001,0.15549126461706367
155,7863,3837,-33.882352941176464,-26.71578947368421,-40.58333333333333,-28.90105263157895,-0.0002336948078257,1.8141453247339787
156,7863,3837,-19.058823529411768,-20.88842105263158,-26.470588235294116,-13.437777777777779,-0.0006029163456632998,1.348615010848202
157,7863,3837,-16.941176470588232,-27.44421052631579,-4.235294117647058,-22.345263157894735,0.0032594733657277998,0.7398280005033111
158,7863,4777,18.0,-28.90105263157895,37.833333333333336,-1.4092307692307693,-0.0010419314817239002,0.22471323152375544
159,7863,4777,25.411764705882355,-26.71578947368421,44.25,1.4092307692307693,0.1310304957014681,1.1849831340422248
160,7863,7017,7.411764705882348,-28.90105263157895,5.294117647058826,-14.66,0.0018385934016798,2.7380524231441954
161,7863,7017,24.352941176470587,-8.455384615384615,18.0,0.0,-0.009054167629213902,0.37961624277486444
162,7863,7387,-6.352941176470587,-31.086315789473684,-16.941176470588232,-7.750769230769231,0.0150894873557243,0.2478173642809568
163,7863,7387,2.117647058823529,-18.93777777777778,-16.941176470588232,-30.357894736842105,-0.0064986217775747,0.2128303137044524
164,7863,7387,7.411764705882348,-29.629473684210527,-3.176470588235297,-19.54888888888889,-0.002843825362739501,1.0967253375031216
165,7863,10082,-30.705882352941174,-20.88842105263158,-48.83333333333333,18.93777777777778,-0.0007682904993780001,3.954545061192887
166,7863,10082,-25.411764705882348,-12.826666666666668,-27.529411764705884,28.172631578947367,-0.0006204121665727,3.0534969064281077
167,7863,10082,-12.705882352941174,-12.826666666666668,-30.705882352941174,0.0,-0.0024662425254077004,1.7463563302175416
168,7863,10738,-7.411764705882355,-23.073684210526316,8.470588235294116,-19.54888888888889,-0.005907431912740199,0.05638889227403837
169,7863,10738,2.117647058823529,-23.802105263157895,13.764705882352942,-18.326666666666668,0.009960908401480001,0.708185255636929
170,7863,10738,4.235294117647058,-22.345263157894735,15.882352941176471,-13.437777777777779,0.012276266881048199,0.8746671096201177
171,7863,10738,8.470588235294116,-28.90105263157895,24.352941176470587,-23.802105263157895,0.0183927560178101,0.49553286030987387
172,7863,10738,8.470588235294116,-28.172631578947367,28.588235294117645,-21.61684210526316,0.0269852979999266,0.8630934613467315
173,7863,10738,9.529411764705884,-29.629473684210527,21.176470588235293,-12.826666666666668,-0.0017483315162535001,0.04982716271475213
174,7863,10738,12.705882352941174,-15.27111111111111,12.705882352941174,8.455384615384615,0.001042795570128499,0.7181617678260175
175,7863,10738,19.058823529411768,-17.104444444444447,27.529411764705884,-8.455384615384615,0.015893389443935698,1.0325887353544245
176,7863,14407,-3.176470588235297,-20.88842105263158,6.352941176470587,-7.750769230769231,0.005691119985417101,0.43011524682874747
177,7863,14407,12.705882352941174,-25.258947368421055,15.882352941176471,-7.046153846153846,0.008592563350343299,0.27936949591065235
178,7863,14407,22.235294117647058,-31.086315789473684,19.058823529411768,0.0,0.0065135609701647,0.2236743371766701
179,7863,31930,-13.764705882352942,-24.530526315789473,-23.294117647058826,-29.629473684210527,-0.0013452341429936003,1.2606387196472277
180,7863,31930,-2.117647058823529,-15.882222222222222,-11.64705882352942,-28.90105263157895,-0.0040711848280923,1.5526336307074922
181,7863,31930,2.117647058823529,-15.27111111111111,-11.64705882352942,-24.530526315789473,-0.0057779339737796,1.0146514094802717
182,7863,31930,13.764705882352942,-26.71578947368421,5.294117647058826,-28.172631578947367,-0.005924526680364301,0.3713756702317636
183,7863,33512,-13.764705882352942,-29.629473684210527,-14.823529411764696,-18.326666666666668,0.0002719358523276998,1.3706643469355222
184,7863,33512,6.352941176470587,-31.814736842105262,6.352941176470587,-21.61684210526316,0.002049967008607101,1.1395423486061367
185,7863,33512,12.705882352941174,-14.66,3.176470588235297,-14.66,-0.0080373736155384,0.748047728707234
186,7863,33512,14.82352941176471,-31.086315789473684,20.11764705882353,-25.98736842105263,0.007102962470094299,0.04388178169552284
187,7863,33512,15.882352941176471,-19.54888888888889,2.117647058823529,-22.345263157894735,-0.011684370676275901,0.8813195002119556
188,7863,33512,25.411764705882355,-23.802105263157895,14.82352941176471,-18.326666666666668,-0.010534266846095798,0.9350579693224366
189,8206,277,6.352941176470587,-10.993333333333334,15.882352941176471,-4.932307692307693,0.011607526949603899,1.9357778796710838
190,8206,6028,-16.941176470588232,-8.455384615384615,-25.411764705882348,-9.77111111111111,-0.0011302610008008,0.9421776112487515
191,10082,3837,-49.75,17.715555555555554,-41.5,14.04888888888889,0.000268300541437,1.4587242088163954
192,10082,3837,-39.66666666666667,31.814736842105262,-26.470588235294116,17.104444444444447,0.0010480505668753,1.7505770023034888
193,10082,3837,-22.235294117647058,31.814736842105262,-8.470588235294116,20.16,0.0032410861277626,0.7577825726349816
194,10082,7017,-38.75,23.802105263157895,-29.647058823529406,7.046153846153846,0.0008741125509116,1.6250399194171856
195,10082,7017,-9.529411764705884,16.493333333333332,4.235294117647058,15.27111111111111,0.0057199202552569006,1.439486217061848
196,10082,7017,-9.529411764705884,31.814736842105262,-6.352941176470587,17.104444444444447,0.0019228499229878996,1.2411862485570972
197,10082,7017,-6.352941176470587,20.16,-3.176470588235297,10.382222222222222,-0.0006402057179925001,0.3263183007594337
198,10082,7017,14.82352941176471,32.543157894736844,16.941176470588232,18.326666666666668,0.0064070872459702,1.6006406506853965
199,10082,14407,-29.647058823529406,31.814736842105262,-21.176470588235304,26.71578947368421,0.0007665908626825,0.9462031044030775
200,10082,14407,-21.176470588235304,31.086315789473684,-36.91666666666667,28.90105263157895,-0.0009356594761244,1.3056772465248296
201,10082,14407,-16.941176470588232,7.046153846153846,-4.235294117647058,-4.932307692307693,0.0037897155255023998,0.8546152492851922
202,10082,14407,-8.470588235294116,28.172631578947367,-1.058823529411768,20.88842105263158,-0.0019445805816866012,0.1815398154178872
203,10082,14407,5.294117647058826,27.44421052631579,16.941176470588232,30.357894736842105,0.0076333065012148,1.3196916675000545
204,10082,24466,-30.705882352941174,31.086315789473684,-47.91666666666667,26.71578947368421,-0.0006859221765728,1.6019508354735061
205,10082,24466,-27.529411764705884,28.172631578947367,-42.875,31.814736842105262,-0.0007179687561958,0.9137757771505988
206,10082,24466,-12.705882352941174,26.71578947368421,-15.882352941176464,32.543157894736844,-0.0008980190802867997,0.5816937116431163
207,10082,24466,-8.470588235294116,31.086315789473684,6.352941176470587,15.27111111111111,0.007780274297329299,1.1077071273556518
208,10082,24466,19.058823529411768,31.814736842105262,31.764705882352942,13.437777777777779,0.0322994537175912,2.014858777941503
209,10082,31930,-31.764705882352942,28.90105263157895,-47.0,16.493333333333332,-0.0004581714498384001,0.7556116918221483
210,10738,2106,4.235294117647058,-19.54888888888889,-10.588235294117645,-5.636923076923077,0.010665367887547902,0.7940722397668221
211,10738,2106,6.352941176470587,-20.88842105263158,-4.235294117647058,-27.44421052631579,0.003331911175827499,0.11833522817933283
212,10738,2106,7.411764705882348,-7.750769230769231,3.176470588235297,-4.227692307692307,0.0013604448126048998,1.1127661851428003
213,10738,2106,10.588235294117652,-7.046153846153846,4.235294117647058,4.932307692307693,0.0021111008045832996,1.1970795414614444
214,10738,3837,-4.235294117647058,-11.604444444444445,-1.058823529411768,20.16,-0.0028963562795943,1.1997840008972573
215,10738,3837,4.235294117647058,-19.54888888888889,-7.411764705882355,-20.160000000000004,-0.0048022590992749,0.881425607275153
216,10738,3837,4.235294117647058,-5.636923076923077,-6.352941176470587,-3.523076923076923,-0.0043697139537427,0.6738866718146173
217,10738,3837,5.294117647058826,-13.437777777777779,-3.176470588235297,8.455384615384615,-0.0039370137335323,0.7893279150381847
218,10738,3837,15.882352941176471,14.66,-2.117647058823529,10.993333333333334,0.006431818431931899,0.7775271248779649
219,10738,3837,21.176470588235293,1.4092307692307693,13.764705882352942,1.4092307692307693,0.0013103353463581,0.7677560214149861
220,10738,4777,18.0,-25.258947368421055,41.5,-1.4092307692307693,-0.0014654193909074,0.33925246281806
221,10738,4777,21.176470588235293,-21.61684210526316,37.833333333333336,-7.046153846153846,0.0581389333660228,0.2108227108806741
222,10738,4777,25.411764705882355,-19.54888888888889,39.666666666666664,4.932307692307693,-0.0008510010027936001,0.3180855700488323
223,10738,4777,29.647058823529413,2.8184615384615386,44.25,4.227692307692307,0.1015428314036937,0.359168541667655
224,10738,4777,31.764705882352942,-8.455384615384615,42.875,0.0,-0.0005441314692816001,0.26406145816089316
225,10738,7017,3.176470588235297,-12.826666666666668,-6.352941176470587,5.636923076923077,-0.003979180552489199,0.6173369859378719
226,10738,7017,13.764705882352942,-18.326666666666668,5.294117647058826,-10.993333333333334,-0.006697777622334101,0.5178103054814214
227,10738,7017,13.764705882352942,-14.66,4.235294117647058,4.227692307692307,0.0032743241326663,0.6685561690721731
228,10738,7017,36.91666666666667,-13.437777777777779,20.11764705882353,-7.046153846153846,-0.0336707238991376,0.5951205426292383
229,10738,7387,4.235294117647058,-17.104444444444447,-10.588235294117645,-31.086315789473684,0.0049004693687456,0.6989287054204562
230,10738,7387,6.352941176470587,-10.993333333333334,-16.941176470588232,-18.93777777777778,-0.0092077955506725,1.1040404726856718
231,10738,7387,10.588235294117652,-18.93777777777778,3.176470588235297,-11.604444444444445,0.0028383282129511994,0.8424562617940707
232,10738,7387,10.588235294117652,-15.27111111111111,-21.176470588235304,-27.44421052631579,-0.0139166488339422,1.2369517336989972
233,10738,7387,11.647058823529413,-17.104444444444447,-0.0,-15.882222222222222,-0.008263785396322701,0.6886004563672157
234,10738,7387,18.0,0.7046153846153846,-12.705882352941174,-6.341538461538462,0.015954974461640303,2.000664550732448
235,10738,7387,19.058823529411768,-12.215555555555556,3.176470588235297,-9.16,0.0046038546000536,1.7970578462145426
236,10738,7387,27.529411764705884,-1.4092307692307693,14.82352941176471,7.750769230769231,-0.0180687258183526,1.1611229455604926
237,10738,7863,-6.352941176470587,-10.993333333333334,2.117647058823529,-21.61684210526316,0.0020804333897790003,0.8776626976388829
238,10738,7863,-5.294117647058826,-14.04888888888889,-4.235294117647058,-28.172631578947367,-0.0027668654960380998,0.2064437981028371
239,10738,7863,-5.294117647058826,2.8184615384615386,-12.705882352941174,-16.493333333333332,-0.0026197070220164006,0.2778929681073391
240,10738,7863,-4.235294117647058,-19.54888888888889,-16.941176470588232,-32.543157894736844,0.0064614057328538,0.4489655935604345
241,10738,7863,-1.058823529411768,-19.54888888888889,-8.470588235294116,-29.629473684210527,0.0019068462481910999,0.21776003663713825
242,10738,7863,4.235294117647058,-17.104444444444447,-7.411764705882355,-23.073684210526316,0.0043216997162598995,0.4204587152759533
243,10738,7863,4.235294117647058,-5.636923076923077,2.117647058823529,-18.93777777777778,-0.0017851743078510993,5.3968344268015424e-05
244,10738,7863,6.352941176470587,-17.715555555555554,2.117647058823529,-23.802105263157895,-0.0032705157968942,0.02350869311331917
245,10738,7863,7.411764705882348,-17.104444444444447,9.529411764705884,-29.629473684210527,-0.0013468769894611002,0.2581400842354587
246,10738,7863,9.529411764705884,-12.826666666666668,-5.294117647058826,-30.357894736842105,0.0033375350071886004,1.5566435845746427
247,10738,7863,11.647058823529413,-19.54888888888889,4.235294117647058,-22.345263157894735,-0.006483227976372198,0.30469945481551375
248,10738,7863,12.705882352941174,-22.345263157894735,22.235294117647058,-31.086315789473684,0.005233170501851202,0.3152137704623705
249,10738,7863,14.82352941176471,-11.604444444444445,3.176470588235297,-28.90105263157895,0.0018662285782802997,0.8423931205573234
250,10738,7863,21.176470588235293,-26.71578947368421,8.470588235294116,-28.172631578947367,-0.0116889452559161,0.15550992225589694
251,10738,7863,23.294117647058826,-14.66,25.411764705882355,-26.71578947368421,-0.0049415855887735005,0.6877232392702942
252,10738,7863,24.352941176470587,-16.493333333333332,8.470588235294116,-28.90105263157895,-0.0229603691901678,0.3639215645765508
253,10738,10082,-22.235294117647058,-5.636923076923077,-16.941176470588232,7.046153846153846,0.0007918035796340003,1.2065526641527247
254,10738,10082,-1.058823529411768,-14.04888888888889,-47.91666666666667,31.814736842105262,-0.007562403341508,1.7055896574856426
255,10738,10082,15.882352941176471,-6.341538461538462,-8.470588235294116,31.086315789473684,-0.019181016143961598,0.9457387589076712
256,10738,10082,20.11764705882353,-14.04888888888889,-19.058823529411768,26.71578947368421,-0.0245424681309344,1.5454719926350777
257,10738,10916,-2.117647058823529,-18.326666666666668,-8.470588235294116,-16.493333333333332,0.0038119161882950014,0.7992510429899372
258,10738,14397,27.529411764705884,-12.215555555555556,6.352941176470587,23.802105263157895,0.0032626829896132,0.45660217761992217
259,10738,14407,-2.117647058823529,-15.27111111111111,-15.882352941176464,28.172631578947367,0.0066495519396081015,0.06317616135108327
260,10738,14407,-1.058823529411768,-17.715555555555554,4.235294117647058,5.636923076923077,0.0031470227951739,0.23957954971921722
261,10738,14407,4.235294117647058,-14.66,-7.411764705882355,16.493333333333332,-0.005037517176384901,0.4058740765918268
262,10738,14407,12.705882352941174,8.455384615384615,15.882352941176471,19.54888888888889,0.00019153892309909867,0.12632749350706096
263,10738,14407,13.764705882352942,-10.993333333333334,13.764705882352942,10.382222222222222,0.0003435209973736003,0.2572803966885443
264,10738,14407,14.82352941176471,-10.993333333333334,20.11764705882353,2.8184615384615386,0.007606951951665102,0.4610645711419006
265,10738,14407,15.882352941176471,-13.437777777777779,9.529411764705884,19.54888888888889,-0.008881802543889,0.63865364250144
266,10738,14407,16.941176470588232,-22.345263157894735,16.941176470588232,7.046153846153846,0.004006842629963401,0.2643807764238731
267,10738,14407,16.941176470588232,-17.104444444444447,16.941176470588232,2.1138461538461537,0.0021368213323555013,0.24167135928884567
268,10738,14407,18.0,-22.345263157894735,20.11764705882353,6.341538461538462,0.0072249455210012005,0.25158003572651716
269,10738,14407,22.235294117647058,-28.172631578947367,22.235294117647058,-4.227692307692307,0.00944107949083,0.5416168439763168
270,10738,14407,26.470588235294116,-1.4092307692307693,21.176470588235293,11.604444444444445,-0.0079389083500888,0.4474278575943279
271,10738,14407,28.588235294117645,-21.61684210526316,21.176470588235293,4.227692307692307,-0.0070849031745153015,0.37607276256742833
272,10738,14407,30.705882352941178,-14.04888888888889,25.411764705882355,5.636923076923077,-0.008768909793005195,0.30473728118784943
273,10738,24466,1.058823529411768,-5.636923076923077,2.117647058823529,7.750769230769231,0.0005637119803353005,0.43586607183655074
274,10738,24466,8.470588235294116,-19.54888888888889,12.705882352941174,4.932307692307693,-0.0008551735128957006,1.01283393604717
275,10738,24466,9.529411764705884,-28.172631578947367,4.235294117647058,-4.932307692307693,0.0025837232069157003,0.3761487917514535
276,10738,24466,9.529411764705884,-21.61684210526316,3.176470588235297,-3.523076923076923,0.0026413264065832005,0.5558958654616738
277,10738,24466,9.529411764705884,-15.27111111111111,6.352941176470587,4.227692307692307,0.0012232541588392005,1.0071872538974822
278,10738,24466,11.647058823529413,-27.44421052631579,6.352941176470587,0.7046153846153846,0.0025014381132041994,0.3347013239864852
279,10738,24466,12.705882352941174,-21.61684210526316,15.882352941176471,13.437777777777779,-0.00028169467757870005,1.2099372668868562
280,10738,24466,13.764705882352942,-21.61684210526316,19.058823529411768,6.341538461538462,-0.0005203638895385997,0.6847734362054445
281,10738,24466,15.882352941176471,-16.493333333333332,13.764705882352942,8.455384615384615,-0.0009778403640211993,0.4087751434341021
282,10738,24466,16.941176470588232,-16.493333333333332,14.82352941176471,11.604444444444445,-0.0011701505184489001,0.8881359480130493
283,10738,24466,18.0,-25.258947368421055,18.0,9.77111111111111,0.0053593603840443,0.5199553750680335
284,10738,24466,19.058823529411768,-20.88842105263158,16.941176470588232,7.750769230769231,0.0005230817443953976,0.22202857099198636
285,10738,24466,19.058823529411768,-8.455384615384615,4.235294117647058,31.814736842105262,-0.0191848201499064,0.648989719008191
286,10738,24466,20.11764705882353,-16.493333333333332,22.235294117647058,8.455384615384615,-5.727263571010015e-05,0.07723066793849473
287,10738,24466,21.176470588235293,-12.826666666666668,11.647058823529413,14.66,0.0018154407922073,1.1573144668904918
288,10738,24466,22.235294117647058,-9.77111111111111,24.352941176470587,22.34526315789474,-0.002640933139226302,0.2212021506800602
289,10738,24466,26.470588235294116,-0.7046153846153846,22.235294117647058,12.215555555555556,-0.006740616184608,0.13621244353827236
290,10738,24466,27.529411764705884,-8.455384615384615,7.411764705882348,30.357894736842105,-0.031035570246158398,0.540792559312041
291,10738,24466,29.647058823529413,-17.104444444444447,20.11764705882353,20.88842105263158,0.0008591765738378998,0.04333891387362068
292,10738,24466,29.647058823529413,-9.77111111111111,28.588235294117645,8.455384615384615,-0.0018431077012905986,0.2806559908189956
293,10738,24466,32.82352941176471,1.4092307692307693,36.91666666666667,11.604444444444445,0.008400229056413598,1.1035364304588695
294,10738,31930,24.352941176470587,-2.8184615384615386,7.411764705882348,-28.172631578947367,-0.024497637770038997,1.121393009507
295,10738,33512,-3.176470588235297,-20.88842105263158,-12.705882352941174,-24.530526315789473,-0.0029963355126003998,0.5478610705481013
296,10738,33512,13.764705882352942,-23.802105263157895,7.411764705882348,-10.382222222222222,-0.003298468325021899,0.2624515076776957
297,10738,33512,14.82352941176471,-11.604444444444445,7.411764705882348,-21.61684210526316,-0.009426696524881898,0.5311516413105595
298,10738,33512,18.0,-5.636923076923077,11.647058823529413,-23.802105263157895,-0.012065149040719701,0.12950352692612752
299,10738,33512,29.647058823529413,-14.04888888888889,18.0,-6.341538461538462,-0.0175796961599974,0.3604164185722548
300,10738,33512,31.764705882352942,-12.215555555555556,18.0,-10.993333333333334,-0.0256367875644553,0.7901389350756816
301,10916,2106,1.058823529411768,-0.7046153846153846,14.82352941176471,-1.4092307692307693,-0.0042977454510564,1.3981080970214013
302,10916,3837,-8.470588235294116,-16.493333333333332,-3.176470588235297,-1.4092307692307693,-0.0028609601625895,0.3498732853514693
303,11516,277,16.941176470588232,-10.382222222222222,11.647058823529413,-17.104444444444447,0.0009812710184580005,0.4670163293559715
304,11516,946,6.352941176470587,5.636923076923077,-6.352941176470587,12.826666666666666,0.0056606246084498005,0.4139511186945057
305,11516,6028,5.294117647058826,-10.382222222222222,-20.117647058823536,-28.172631578947367,-0.0093453970389259,0.6491168180099306
306,11516,6028,8.470588235294116,-15.27111111111111,3.176470588235297,-10.382222222222222,0.0019559625350956,1.2600820409459332
307,11516,6028,9.529411764705884,-20.160000000000004,-29.647058823529406,-28.90105263157895,0.027890963979903604,0.3664841197088854
308,11516,6028,13.764705882352942,-13.437777777777779,-3.176470588235297,-30.357894736842105,0.003910354094757399,0.06938108107544058
309,11516,6028,14.82352941176471,-12.826666666666668,2.117647058823529,-18.93777777777778,-0.0116589388216273,1.0561245835527004
310,11516,6028,23.294117647058826,-23.802105263157895,10.588235294117652,-16.493333333333332,0.0027151253881567998,0.019169630340621524
311,11516,6028,39.666666666666664,-21.61684210526316,22.235294117647058,-24.530526315789473,-0.038469834486504706,1.3048002413805113
312,11516,7604,12.705882352941174,-22.345263157894735,34.94117647058823,-2.1138461538461537,-0.002211918373499,0.7128849426183661
313,11516,7604,15.882352941176471,-20.88842105263158,25.411764705882355,-4.932307692307693,-0.0010133382692766,0.15291377171504716
314,11516,7604,27.529411764705884,-18.93777777777778,38.75,-4.227692307692307,0.0574523718244673,0.7560742125167847
315,11516,7604,40.583333333333336,-15.882222222222222,48.833333333333336,-4.932307692307693,0.1579802365423541,0.4104318593621447
316,11516,7604,42.875,-6.341538461538462,45.625,-2.8184615384615386,0.049346886328423406,1.3526037381039782
317,11516,7604,45.625,-30.357894736842105,42.875,-2.1138461538461537,0.08609811743868559,0.30328911125402086
318,11516,8206,-3.176470588235297,-27.44421052631579,-16.941176470588232,-8.455384615384615,-0.0023750388572781997,2.528019845175497
319,11516,8206,25.411764705882355,-13.437777777777779,6.352941176470587,-10.993333333333334,-0.023618156620734097,1.387483919614998
320,11516,11606,3.176470588235297,-14.66,-5.294117647058826,-24.530526315789473,-0.0048115047569818005,0.17153649637010596
321,11516,11606,10.588235294117652,-15.882222222222222,-26.470588235294116,-20.88842105263158,0.0294399541687524,1.0540391545924148
322,11516,11606,11.647058823529413,-7.046153846153846,5.294117647058826,-29.629473684210527,0.0005275868774941,2.3112023621484044
323,11516,11606,12.705882352941174,-17.715555555555554,14.82352941176471,-28.172631578947367,-0.0008672418495021999,0.6561547472891602
324,11516,11606,12.705882352941174,-14.66,7.411764705882348,-23.802105263157895,-0.0073232189976692,0.2481586168566546
325,11516,11606,13.764705882352942,-18.93777777777778,11.647058823529413,-28.172631578947367,-0.0055524640779185015,0.14652477450823087
326,11516,11606,14.82352941176471,-7.046153846153846,-5.294117647058826,-29.629473684210527,0.005184449275267999,1.7613290929271694
327,11516,11606,15.882352941176471,-14.66,9.529411764705884,-27.44421052631579,0.0010782286208573999,0.5985926110075845
328,11516,11606,16.941176470588232,-12.826666666666668,9.529411764705884,-28.172631578947367,0.0011800561133259,0.27794111084498585
329,11516,11606,18.0,-11.604444444444445,7.411764705882348,-28.90105263157895,0.0015918972338148,0.7229518653514714
330,11516,11606,19.058823529411768,-15.882222222222222,11.647058823529413,-29.629473684210527,0.0009356305101716001,0.10131835905361491
331,11516,11606,21.176470588235293,-8.455384615384615,19.058823529411768,-20.160000000000004,-0.006810315830661998,0.4804142205078028
332,11516,11606,21.176470588235293,-2.8184615384615386,7.411764705882348,-28.172631578947367,0.0020806197666614003,0.3464152423828678
333,11516,11606,27.529411764705884,-16.493333333333332,21.176470588235293,-27.44421052631579,-0.016985094623541298,0.7825597361133527
334,11516,11606,28.588235294117645,-9.16,29.647058823529413,-23.802105263157895,-0.005898336586163594,2.36556526089357
335,11516,11606,28.588235294117645,3.523076923076923,29.647058823529413,-26.71578947368421,-0.0005526464447328,0.5917623390142595
336,11516,11606,38.75,-11.604444444444445,25.411764705882355,-29.629473684210527,-0.0509605095689107,1.0492756647212418
337,11516,12218,-2.117647058823529,-3.523076923076923,-5.294117647058826,-19.54888888888889,0.0009120252019466993,0.222248425180772
338,11516,12218,18.0,-14.04888888888889,18.0,-0.7046153846153846,0.0022164129548913995,0.6742678292950343
339,11516,12218,19.058823529411768,-21.61684210526316,10.588235294117652,-21.61684210526316,0.0018206379723296998,0.27723676777724904
340,11516,12218,24.352941176470587,-23.073684210526316,10.588235294117652,-11.604444444444445,0.0030600156886930003,0.15249777007431595
341,11516,16320,4.235294117647058,-19.54888888888889,5.294117647058826,3.523076923076923,0.00040810748522890003,0.7093610928108721
342,11516,16320,11.647058823529413,-14.66,13.764705882352942,9.16,-0.0004392310954843999,1.3416079291304395
343,11516,16320,14.82352941176471,-13.437777777777779,20.11764705882353,13.437777777777779,-0.0009306949948549997,1.5338547559415754
344,11516,16320,15.882352941176471,-18.93777777777778,14.82352941176471,14.66,0.00039473969159719994,0.6804087963151242
345,11516,16320,18.0,-4.227692307692307,20.11764705882353,10.993333333333334,0.0016105552561220017,0.1581483809541386
346,11516,16320,20.11764705882353,-8.455384615384615,22.235294117647058,11.604444444444445,0.002490209415282798,0.09626050491605029
347,11516,16320,21.176470588235293,-5.636923076923077,24.352941176470587,9.16,0.0045404228109686,0.3581394113696472
348,11516,22103,24.352941176470587,-11.604444444444445,18.0,-4.932307692307693,-0.008108167844597298,0.46609483112481326
349,11606,277,5.294117647058826,-28.172631578947367,10.588235294117652,-10.382222222222222,-7.72365691153994e-05,0.6507378044037142
350,11606,277,7.411764705882348,-18.93777777777778,4.235294117647058,-29.629473684210527,-0.00020009807294569994,0.49959970030324696
351,11606,946,-20.117647058823536,-6.341538461538462,-23.294117647058826,10.382222222222222,-0.00046376483687759996,2.998508313965371
352,11606,6028,-20.117647058823536,-25.258947368421055,-27.529411764705884,-18.93777777777778,-0.0005626105803597,1.7699951849065583
353,11606,6028,8.470588235294116,-14.66,-5.294117647058826,-14.04888888888889,0.0059290650352052995,1.1187159325950051
354,11606,6028,11.647058823529413,-28.172631578947367,-5.294117647058826,-27.44421052631579,-0.0075518946765854,1.1836774335857345
355,11606,6028,19.058823529411768,-29.629473684210527,4.235294117647058,-28.90105263157895,-0.010411336372957901,0.9902519072241021
356,11606,6028,21.176470588235293,-27.44421052631579,7.411764705882348,-12.826666666666668,-0.0090021822298134,1.7015524759563587
357,11606,6028,25.411764705882355,-29.629473684210527,11.647058823529413,-23.802105263157895,-0.010795500716374,0.8731316929391395
358,11606,6028,25.411764705882355,-28.90105263157895,10.588235294117652,-5.636923076923077,0.0034417858127009995,0.03875297790581034
359,11606,6028,29.647058823529413,-23.802105263157895,19.058823529411768,-25.258947368421055,-0.015714594799807004,1.3982625303790601
360,11606,6028,36.0,0.7046153846153846,25.411764705882355,-7.750769230769231,-0.0400800695045815,1.691928221238963
361,11606,7604,7.411764705882348,-14.04888888888889,32.82352941176471,-3.523076923076923,0.046269978804466295,1.3096772201212576
362,11606,11516,-5.294117647058826,-24.530526315789473,4.235294117647058,-20.88842105263158,0.004490959663073201,0.7540844709924195
363,11606,11516,-3.176470588235297,-31.086315789473684,11.647058823529413,-14.66,-0.0031169944047343004,0.278627575321366
364,11606,11516,7.411764705882348,-28.90105263157895,14.82352941176471,-13.437777777777779,-0.0009850023005821005,0.6043249267631235
365,11606,11516,9.529411764705884,-27.44421052631579,19.058823529411768,-15.882222222222222,-0.0016904613056888,0.36251673615929125
366,11606,11516,9.529411764705884,-25.98736842105263,15.882352941176471,-20.88842105263158,-0.0013879604315997006,0.03964064739570177
367,11606,11516,10.588235294117652,-23.073684210526316,15.882352941176471,-14.66,-0.0010129118332059001,0.9026576124732677
368,11606,12218,-20.117647058823536,-13.437777777777779,-13.764705882352942,2.1138461538461537,0.0012932183803001,1.2052759898406817
369,11606,12218,10.588235294117652,-29.629473684210527,19.058823529411768,-20.160000000000004,-0.0014602140139286998,0.09096590989430106
370,11606,12218,19.058823529411768,-20.160000000000004,21.176470588235293,-14.66,0.004957540065916498,0.7485028331306397
371,11630,277,-3.176470588235297,25.258947368421055,-4.235294117647058,20.88842105263158,0.0012060001994915002,0.601896178991202
372,11630,277,27.529411764705884,-0.7046153846153846,19.058823529411768,-2.8184615384615386,-0.011876403126296498,1.16699967345851
373,11630,946,-5.294117647058826,28.90105263157895,-7.411764705882355,21.616842105263157,0.00019845439837990007,1.5203955340434177
374,11630,5922,7.411764705882348,25.258947368421055,-7.411764705882355,26.71578947368421,0.0051629130939353,0.3424839110576655
375,11630,5922,11.647058823529413,27.44421052631579,-31.764705882352942,28.172631578947367,-0.0120929794780444,1.0449109560305456
376,11630,5922,20.11764705882353,31.814736842105262,6.352941176470587,14.66,-0.007500125610761599,1.05624693908311
377,11630,5922,22.235294117647058,28.90105263157895,13.764705882352942,10.993333333333334,0.0019719197772868,0.2275398845451896
378,11630,7604,23.294117647058826,25.258947368421055,39.666666666666664,-4.227692307692307,-0.0007877223803602,0.4707659769793061
379,11630,12190,6.352941176470587,29.629473684210524,-11.64705882352942,14.66,-0.004983061876457701,2.685802472354962
380,11630,12218,5.294117647058826,23.802105263157895,8.470588235294116,15.882222222222222,2.710470262440052e-05,0.0785362127183392
381,11630,12218,7.411764705882348,28.90105263157895,11.647058823529413,14.04888888888889,-0.00015235255178330017,0.14534802310896766
382,11630,12218,16.941176470588232,23.073684210526316,18.0,10.993333333333334,0.006085421535271099,0.4496079812415704
383,11630,12218,25.411764705882355,28.90105263157895,30.705882352941178,11.604444444444445,0.020469488059635103,0.2551364916259083
384,11630,12246,-8.470588235294116,26.71578947368421,-21.176470588235304,14.66,-0.0021510231749240004,0.6476690389654295
385,11630,12246,18.0,20.88842105263158,7.411764705882348,24.530526315789473,-0.010526613440087002,0.009276315132494805
386,11630,12246,21.176470588235293,28.90105263157895,10.588235294117652,26.71578947368421,-0.008940996516677702,0.5044843754109785
387,11630,16320,7.411764705882348,2.8184615384615386,21.176470588235293,-5.636923076923077,-0.0033698013290708994,0.9433755152715386
388,11630,16320,18.0,28.172631578947367,24.352941176470587,13.437777777777779,-0.00020967712363080017,0.10802386224790402
389,11630,16320,39.666666666666664,25.258947368421055,39.666666666666664,11.604444444444445,0.0241903131278026,1.5944911536985171
390,12190,5922,-11.64705882352942,14.66,-4.235294117647058,23.802105263157895,0.0015030134597828005,2.2298735839325046
391,12218,277,6.352941176470587,-0.7046153846153846,11.647058823529413,-12.215555555555556,0.005227117800911198,0.8240935502978988
392,12218,277,38.75,2.8184615384615386,32.82352941176471,15.882222222222222,9.594033248500012e-06,0.03289182537824724
393,12218,946,-24.35294117647058,23.073684210526316,-27.529411764705884,15.882222222222222,-0.0002453756572723001,0.9804044644467447
394,12218,946,-18.0,7.046153846153846,-18.0,13.437777777777779,-0.00017215987018079967,1.0758519842483596
395,12218,946,3.176470588235297,3.523076923076923,-3.176470588235297,12.826666666666666,0.002793187319853999,1.8343980751813054
396,12218,5922,-21.176470588235304,7.046153846153846,-25.411764705882348,15.27111111111111,-0.0006661131480820998,2.53293802735894
397,12218,6028,-21.176470588235304,18.326666666666668,-29.647058823529406,17.715555555555554,-0.0009034979010120001,1.3424090003407478
398,12218,7604,19.058823529411768,-20.160000000000004,41.5,-7.046153846153846,-0.0016081408354341002,0.03307626624379828
399,12218,11516,-7.411764705882355,15.882222222222222,6.352941176470587,5.636923076923077,-0.006060466140242599,0.6486709270697558
400,12218,11516,-6.352941176470587,-11.604444444444445,-2.117647058823529,-3.523076923076923,-0.002927045522059,0.049700322201865516
401,12218,11516,8.470588235294116,15.882222222222222,14.82352941176471,-7.046153846153846,-0.0016574981310353998,1.1552586997042975
402,12218,11516,10.588235294117652,-21.61684210526316,20.11764705882353,-15.27111111111111,-0.0018017380241657998,0.3493535717902652
403,12218,11516,11.647058823529413,14.04888888888889,18.0,-1.4092307692307693,-0.0011774265431522997,0.7941039480931307
404,12218,11516,18.0,-0.7046153846153846,22.235294117647058,-12.826666666666668,0.0044238597231596,1.046616550023984
405,12218,11516,18.0,10.993333333333334,21.176470588235293,-8.455384615384615,0.0049662669965484,0.9703740682268639
406,12218,11516,21.176470588235293,25.258947368421055,29.647058823529413,-6.341538461538462,0.021243133032740998,0.8922726543291097
407,12218,11606,8.470588235294116,1.4092307692307693,8.470588235294116,-14.66,-0.00011878618095279968,2.0474590411408173
408,12218,11606,14.82352941176471,-20.160000000000004,10.588235294117652,-29.629473684210527,0.0007964687870337999,0.47777466501727445
409,12218,12190,-23.294117647058826,29.629473684210524,-45.625,22.34526315789474,-0.0010419952636852,0.7406517570023035
410,12218,12190,-3.176470588235297,28.90105263157895,-15.882352941176464,23.802105263157895,-0.0025539970805813,2.479721164520705
411,12218,12190,10.588235294117652,-11.604444444444445,-39.66666666666667,-20.88842105263158,0.0557391237551524,0.8517710061497616
412,12218,12190,18.0,-14.66,3.176470588235297,-18.326666666666668,-0.014544271379314399,1.3089517453140884
413,12218,12190,44.25,20.88842105263158,19.058823529411768,29.629473684210524,-0.0504073772530995,2.0329771693109078
414,12229,16320,11.647058823529413,12.215555555555556,16.941176470588232,22.34526315789474,0.0016278687483804004,0.6472817863643643
415,12246,277,10.588235294117652,26.71578947368421,20.11764705882353,25.987368421052633,0.009000422362170002,1.8051565393017146
416,12246,11630,7.411764705882348,24.530526315789473,16.941176470588232,23.073684210526316,0.008514346890201502,0.3334933676099656
417,12246,12218,38.75,12.215555555555556,45.625,17.715555555555554,0.001461078910215699,1.9789594183860697
418,14397,2106,14.82352941176471,26.71578947368421,18.0,9.16,0.00019675621965600017,0.7527455503341209
419,14397,10738,-6.352941176470587,23.802105263157895,10.588235294117652,-7.046153846153846,-0.0052425318562492,0.7449766184435831
420,14397,10738,7.411764705882348,23.073684210526316,14.82352941176471,-16.493333333333332,-0.0014456638087993997,1.35092152491184
421,14407,2106,19.058823529411768,19.54888888888889,10.588235294117652,12.215555555555556,0.0024326193821832998,0.34130283164763525
422,14407,2548,31.764705882352942,5.636923076923077,23.294117647058826,1.4092307692307693,0.0007047634998079999,0.5805386337970166
423,14407,4777,18.0,18.326666666666668,39.666666666666664,-2.8184615384615386,-0.0015739566020490999,0.878317430761897
424,14407,7017,-34.94117647058823,25.258947368421055,-24.35294117647058,19.54888888888889,0.0010404702142281,1.7213020723747254
425,14407,7017,-4.235294117647058,-4.932307692307693,-8.470588235294116,3.523076923076923,-0.0015471781264764003,0.02848783776406459
426,14407,7017,5.294117647058826,21.616842105263157,1.058823529411768,18.93777777777778,-0.0015211113246964003,1.1697326472187095
427,14407,7017,6.352941176470587,-7.750769230769231,4.235294117647058,18.326666666666668,-0.0020885730535951004,0.11282391548847391
428,14407,7017,6.352941176470587,28.172631578947367,6.352941176470587,15.882222222222222,0.0021595761356244993,0.5894904989892702
429,14407,7017,13.764705882352942,10.382222222222222,4.235294117647058,10.382222222222222,-0.008975990367259198,0.640229293253755
430,14407,7017,15.882352941176471,-7.046153846153846,7.411764705882348,20.88842105263158,-0.0120205078514592,0.19783576052931806
431,14407,7017,16.941176470588232,23.073684210526316,7.411764705882348,20.16,-0.007820333673766602,1.119504151750062
432,14407,7017,20.11764705882353,2.8184615384615386,12.705882352941174,0.7046153846153846,-0.0091139770851838,0.7175313992213895
433,14407,7017,22.235294117647058,-4.227692307692307,15.882352941176471,2.1138461538461537,-0.0086963973799788,0.38720284821566925
434,14407,7017,23.294117647058826,5.636923076923077,14.82352941176471,10.993333333333334,-0.012127440465197398,0.6791064979287513
435,14407,10082,-36.91666666666667,28.90105263157895,-30.705882352941174,31.086315789473684,0.00029921522186820006,1.980882240319581
436,14407,10082,-6.352941176470587,19.54888888888889,-12.705882352941174,26.71578947368421,-0.0021008621005615,1.2695604056281682
437,14407,10082,-4.235294117647058,17.104444444444447,-8.470588235294116,28.172631578947367,-0.00021409853300499888,0.48561387729393946
438,14407,10082,10.588235294117652,31.086315789473684,5.294117647058826,27.44421052631579,-0.0021971525999518998,0.38073216863354614
439,14407,10738,4.235294117647058,5.636923076923077,-1.058823529411768,-14.04888888888889,-0.002655359117757399,0.5966392092323068
440,14407,10738,6.352941176470587,16.493333333333332,9.529411764705884,-12.826666666666668,-0.0007500182465599997,1.596864226707893
441,14407,10738,6.352941176470587,28.90105263157895,15.882352941176471,14.66,-0.0013286927071781995,0.12772221509342235
442,14407,10738,7.411764705882348,4.227692307692307,15.882352941176471,-20.88842105263158,0.0065419142074995985,1.201805331384025
443,14407,10738,8.470588235294116,20.16,4.235294117647058,-4.932307692307693,-0.0012238452017606007,0.8309990001390223
444,14407,10738,12.705882352941174,5.636923076923077,13.764705882352942,-23.802105263157895,-0.0029131620110371993,0.38110459781596895
445,14407,10738,15.882352941176471,3.523076923076923,18.0,-22.345263157894735,-0.0017019987131439013,0.16831982472932552
446,14407,10738,16.941176470588232,2.1138461538461537,11.647058823529413,-19.54888888888889,-0.008373887925645501,0.3192670867241603
447,14407,10738,18.0,7.750769230769231,11.647058823529413,-17.104444444444447,-0.0086222629171403,0.2950966971597202
448,14407,10738,19.058823529411768,0.0,21.176470588235293,-21.61684210526316,-0.001840905033857202,0.5432747860657441
449,14407,10738,19.058823529411768,23.073684210526316,6.352941176470587,-10.993333333333334,-0.0093613345379658,1.0029004129204293
450,14407,10738,20.11764705882353,17.104444444444447,14.82352941176471,-10.993333333333334,-0.005106989991469402,0.3365063034884159
451,14407,10738,21.176470588235293,4.227692307692307,20.11764705882353,-14.04888888888889,-0.003195565225407801,0.8136982762211759
452,14407,10738,21.176470588235293,4.932307692307693,16.941176470588232,-17.104444444444447,-0.007895554423550402,0.2869484978316536
453,14407,10738,21.176470588235293,24.530526315789473,20.11764705882353,-16.493333333333332,0.00044398916471089997,0.3492966807113713
454,14407,10738,22.235294117647058,7.046153846153846,26.470588235294116,-14.66,0.0058173736751378005,0.36113891943996224
455,14407,10738,22.235294117647058,9.16,23.294117647058826,-14.66,0.00021953443321800353,1.0715661416299391
456,14407,10738,25.411764705882355,-1.4092307692307693,21.176470588235293,-26.71578947368421,-0.013959365967486998,0.2938929822374796
457,14407,10738,25.411764705882355,5.636923076923077,23.294117647058826,-15.882222222222222,-0.0060197947886183045,0.7147527980995665
458,14407,24466,-21.176470588235304,26.71578947368421,-14.823529411764696,18.93777777777778,0.001357768471537,1.2824421399853398
459,14407,24466,-4.235294117647058,4.932307692307693,-16.941176470588232,27.44421052631579,-0.0043168155538149,1.0159240365930549
460,14407,24466,-1.058823529411768,20.88842105263158,14.82352941176471,18.93777777777778,-0.004854908200083099,0.2918248151713095
461,14407,24466,5.294117647058826,10.382222222222222,-13.764705882352942,26.71578947368421,-0.0084477614017609,0.8387776820373358
462,14407,24466,7.411764705882348,20.88842105263158,14.82352941176471,18.93777777777778,-0.0017946993627648003,0.2239326055325122
463,14407,24466,8.470588235294116,26.71578947368421,16.941176470588232,14.66,-0.0012720568478850002,0.2501563990832083
464,14407,24466,9.529411764705884,19.54888888888889,10.588235294117652,31.086315789473684,-0.0012637185730232006,0.9422943501478254
465,14407,24466,11.647058823529413,18.326666666666668,19.058823529411768,4.227692307692307,-0.0010564166971742998,0.4844004248802695
466,14407,24466,15.882352941176471,19.54888888888889,20.11764705882353,-14.66,0.007601158729487301,0.34313328735845755
467,14407,24466,16.941176470588232,30.357894736842105,19.058823529411768,10.993333333333334,0.0096684156010397,0.30612008625892634
468,14407,24466,19.058823529411768,0.0,23.294117647058826,30.357894736842105,-0.004050135791193999,0.5919751349696984
469,14407,33512,15.882352941176471,-2.1138461538461537,5.294117647058826,-14.04888888888889,-0.012576482824732099,0.7124216791164658
470,14407,33512,21.176470588235293,11.604444444444445,18.0,-25.258947368421055,-0.0096391450285488,0.9455015172139019
471,16320,946,-7.411764705882355,12.826666666666666,-7.411764705882355,8.455384615384615,2.94448305265e-05,1.272968220434124
472,16320,946,4.235294117647058,24.530526315789473,-5.294117647058826,21.616842105263157,0.004584896896792301,0.3019121286224108
473,16320,946,29.647058823529413,17.715555555555554,23.294117647058826,17.715555555555554,-0.0121712702855588,1.4396863220102165
474,16320,5922,9.529411764705884,14.04888888888889,-4.235294117647058,20.16,-0.0080579872662521,1.6882592900181974
475,16320,5922,14.82352941176471,14.66,-6.352941176470587,28.172631578947367,0.0056773092723598,1.3884847973860517
476,16320,5922,23.294117647058826,13.437777777777779,2.117647058823529,15.882222222222222,0.0052884621623695005,0.34975043562796826
477,16320,7604,18.0,26.71578947368421,30.705882352941178,-4.227692307692307,0.028069250435604303,0.424680953873551
478,16320,7604,21.176470588235293,-5.636923076923077,37.833333333333336,-1.4092307692307693,-0.0013311294498340003,0.35459681320650904
479,16320,7604,24.352941176470587,10.993333333333334,41.5,-8.455384615384615,0.0736756712205297,0.8999430790329731
480,16320,7604,24.352941176470587,14.66,39.666666666666664,-0.7046153846153846,-0.0009195288461208999,0.3089680953419202
481,16320,7604,32.82352941176471,22.34526315789474,37.833333333333336,3.523076923076923,0.04188789174279899,0.4328977589070683
482,16320,11516,19.058823529411768,8.455384615384615,12.705882352941174,-14.66,-0.0085983116834955,0.0930981560669794
483,16320,11516,22.235294117647058,10.382222222222222,10.588235294117652,-15.882222222222222,0.0023300361385265,0.45326234739975635
484,16320,11516,22.235294117647058,11.604444444444445,15.882352941176471,-10.993333333333334,-0.008860479537834896,0.44820591240543406
485,16320,11516,24.352941176470587,9.77111111111111,21.176470588235293,-5.636923076923077,-0.004415760221930902,0.1810942710229155
486,16320,11516,26.470588235294116,9.16,12.705882352941174,-17.715555555555554,0.0017951104311762001,0.22055144557225387
487,16320,11516,40.583333333333336,8.455384615384615,38.75,-10.382222222222222,5.7651540192199925e-05,0.2988274856528526
488,16320,11630,5.294117647058826,11.604444444444445,-6.352941176470587,27.44421052631579,0.0026844554665869996,0.34794655668683266
489,16320,11630,20.11764705882353,13.437777777777779,18.0,28.172631578947367,-0.00032349588118550003,0.36392617368216096
490,16320,11630,22.235294117647058,7.750769230769231,23.294117647058826,25.258947368421055,-0.0005709655965070999,0.18133783514709234
491,16320,11630,30.705882352941178,17.104444444444447,20.11764705882353,31.814736842105262,-0.0254183866640672,0.5538705855800593
492,16320,11630,30.705882352941178,17.104444444444447,25.411764705882355,28.90105263157895,-0.0184847158846623,0.10548968330937669
493,16320,12190,-3.176470588235297,14.66,-22.235294117647058,10.993333333333334,0.0213037372077763,0.453104322645745
494,16320,12218,5.294117647058826,0.7046153846153846,3.176470588235297,3.523076923076923,0.0008122216964940006,1.4699028637200393
495,16320,12218,7.411764705882348,12.826666666666666,8.470588235294116,1.4092307692307693,-0.0003689868059138998,1.5011497707848305
496,16320,12218,26.470588235294116,28.172631578947367,21.176470588235293,25.258947368421055,-0.005468948407791201,0.7922689878365035
497,16320,12229,-13.764705882352942,28.172631578947367,-22.235294117647058,23.802105263157895,-0.001135670909568,1.1450185597758533
498,16320,12229,20.11764705882353,14.04888888888889,11.647058823529413,12.215555555555556,-0.009888440395498799,0.24618698773166933
499,16320,12246,19.058823529411768,20.88842105263158,6.352941176470587,25.987368421052633,-0.012465413393382299,1.519833598501096
500,22103,7604,33.88235294117647,-8.455384615384615,45.625,-1.4092307692307693,0.11966617956926619,1.5285527043473963
501,22103,11516,11.647058823529413,-25.98736842105263,24.352941176470587,-11.604444444444445,0.021189363851739897,0.8145931790639505
502,22103,11630,13.764705882352942,25.258947368421055,16.941176470588232,30.357894736842105,0.001486105930801701,1.2934639565401944
503,22103,16320,18.0,-4.932307692307693,24.352941176470587,10.993333333333334,0.008162074294814203,0.8021975398301063
504,24466,2106,-1.058823529411768,12.215555555555556,-3.176470588235297,-7.046153846153846,0.0010374256831467994,0.07807126330611353
505,24466,2106,16.941176470588232,14.66,6.352941176470587,4.227692307692307,0.0032403342874249004,0.6737864840393978
506,24466,3837,-26.470588235294116,30.357894736842105,-28.588235294117652,19.54888888888889,0.00019674539523239988,2.9215527032820443
507,24466,3837,14.82352941176471,17.104444444444447,6.352941176470587,15.27111111111111,0.0027495525917028,0.4285210632971258
508,24466,4777,10.588235294117652,31.086315789473684,39.666666666666664,8.455384615384615,0.0816797896583796,0.933302883337317
509,24466,4777,12.705882352941174,-1.4092307692307693,32.82352941176471,1.4092307692307693,0.0402252665337959,0.6824024258001564
510,24466,4777,13.764705882352942,8.455384615384615,32.82352941176471,2.8184615384615386,-0.0024249788109737,0.9540412178782858
511,24466,4777,23.294117647058826,30.357894736842105,42.875,4.227692307692307,0.11091543643935281,0.6200019603831392
512,24466,4777,37.833333333333336,7.750769230769231,45.625,-9.16,-0.0003011700137645001,0.11734095606910375
513,24466,7017,-4.235294117647058,2.1138461538461537,-11.64705882352942,23.073684210526316,0.004128487940216401,0.10125238814588625
514,24466,7017,-3.176470588235297,7.750769230769231,-2.117647058823529,23.802105263157895,-0.0020534572829336,0.02944736769646915
515,24466,7017,13.764705882352942,23.073684210526316,8.470588235294116,27.44421052631579,-0.005277673353766202,0.9969943431912229
516,24466,7017,18.0,9.77111111111111,7.411764705882348,13.437777777777779,-0.012345215145629501,0.7995575160571384
517,24466,7387,-6.352941176470587,-15.27111111111111,-28.588235294117652,-25.98736842105263,0.0219475049205841,0.12381129562365074
518,24466,7387,49.75,25.987368421052633,8.470588235294116,25.258947368421055,-0.0638521596896843,1.09220409753746
519,24466,7863,4.235294117647058,-17.104444444444447,-16.941176470588232,-28.90105263157895,-0.0078555468243422,0.9690790662054182
520,24466,10082,-42.875,31.814736842105262,-42.875,23.073684210526316,-2.4409933219995614e-07,2.0629673937664474
521,24466,10082,-16.941176470588232,27.44421052631579,-38.75,29.629473684210524,-0.0017922694668648998,0.1814867234889986
522,24466,10082,-13.764705882352942,26.71578947368421,-30.705882352941174,31.086315789473684,-0.0020842562696171,0.8459539566252192
523,24466,10082,-5.294117647058826,23.073684210526316,-21.176470588235304,31.086315789473684,-0.0038236856341280997,0.6842509995981112
524,24466,10082,-4.235294117647058,9.16,-15.882352941176464,15.882222222222222,-0.0037286176020457002,1.5841037971544931
525,24466,10082,16.941176470588232,27.44421052631579,14.82352941176471,32.543157894736844,-0.0034058637138415,1.051736197410162
526,24466,10738,4.235294117647058,13.437777777777779,12.705882352941174,-12.215555555555556,0.007352571066061001,0.1294372368645947
527,24466,10738,4.235294117647058,20.16,4.235294117647058,-5.636923076923077,0.0010391715165000998,0.2565043769617242
528,24466,10738,6.352941176470587,0.7046153846153846,6.352941176470587,-20.88842105263158,-0.0007327592106863992,1.3530636482252691
529,24466,10738,6.352941176470587,4.227692307692307,5.294117647058826,-14.04888888888889,0.00011496469137979928,1.360171864607221
530,24466,10738,6.352941176470587,15.27111111111111,4.235294117647058,-5.636923076923077,-0.0011913189581972995,0.01574323391661774
531,24466,10738,7.411764705882348,3.523076923076923,4.235294117647058,-16.493333333333332,0.0005994447292200994,1.6841631576652956
532,24466,10738,7.411764705882348,15.882222222222222,5.294117647058826,-13.437777777777779,-0.0010355844819007008,0.26822883151230464
533,24466,10738,11.647058823529413,1.4092307692307693,4.235294117647058,-19.54888888888889,-0.0082354431585025,0.10507856002103622
534,24466,10738,12.705882352941174,4.932307692307693,4.235294117647058,-19.54888888888889,0.0021200038959526,2.1866088938865613
535,24466,10738,13.764705882352942,-6.341538461538462,8.470588235294116,-17.715555555555554,0.0012563386477000005,1.231326308416043
536,24466,10738,13.764705882352942,8.455384615384615,10.588235294117652,-15.27111111111111,-0.004164000565427699,0.616096488074486
537,24466,10738,14.82352941176471,11.604444444444445,15.882352941176471,-6.341538461538462,0.0021629674091613975,0.796121596115509
538,24466,10738,14.82352941176471,18.93777777777778,15.882352941176471,-8.455384615384615,0.00015887083036369987,1.6741096741483144
539,24466,10738,15.882352941176471,-7.046153846153846,18.0,-25.258947368421055,-0.0009709026793336003,1.3238709394252524
540,24466,10738,15.882352941176471,11.604444444444445,15.882352941176471,-16.493333333333332,-0.0013090714175828001,0.1807137144769221
541,24466,10738,15.882352941176471,13.437777777777779,14.82352941176471,-12.826666666666668,0.00023439664574419986,1.867709897178107
542,24466,10738,16.941176470588232,-2.8184615384615386,7.411764705882348,-17.104444444444447,0.002253005231424,1.3582924899550834
543,24466,10738,16.941176470588232,9.77111111111111,22.235294117647058,-9.77111111111111,0.007735693762645102,0.13178434993064977
544,24466,10738,18.0,2.1138461538461537,19.058823529411768,-20.88842105263158,-0.002265139466883597,0.5228639419696754
545,24466,10738,18.0,7.750769230769231,14.82352941176471,-11.604444444444445,0.0005418013834447002,1.4248106802399436
546,24466,10738,19.058823529411768,1.4092307692307693,18.0,-23.073684210526316,-0.0002597128684957003,0.2262154838692373
547,24466,10738,19.058823529411768,4.227692307692307,18.0,-9.77111111111111,0.00013680569184619995,0.362543427641992
548,24466,10738,19.058823529411768,10.993333333333334,15.882352941176471,-12.826666666666668,-0.0047816081218848006,0.2556213506216686
549,24466,10738,20.11764705882353,17.715555555555554,19.058823529411768,-12.215555555555556,0.00031172039251049994,0.7163357979698102
550,24466,10738,25.411764705882355,10.993333333333334,27.529411764705884,-8.455384615384615,0.004088060484295601,1.3783466700474998
551,24466,10738,31.764705882352942,13.437777777777779,24.352941176470587,-2.8184615384615386,-0.016716985051585205,0.9453980424838871
552,24466,10738,42.875,13.437777777777779,31.764705882352942,-14.04888888888889,0.0004970992838082,0.3815253121812803
553,24466,10916,28.588235294117645,-2.8184615384615386,-3.176470588235297,14.66,0.0082856644913739,1.0054021491025016
554,24466,14407,4.235294117647058,31.814736842105262,8.470588235294116,20.16,0.003981617722261601,0.7025754611882564
555,24466,14407,6.352941176470587,31.814736842105262,19.058823529411768,23.073684210526316,0.0127015932816342,0.5524853410371245
556,24466,14407,7.411764705882348,30.357894736842105,16.941176470588232,23.073684210526316,0.009582758857905401,0.5004550125944632
557,24466,14407,11.647058823529413,20.16,5.294117647058826,21.616842105263157,-0.004778414803815301,0.9539135102572133
558,24466,14407,14.82352941176471,18.93777777777778,-4.235294117647058,17.104444444444447,0.007013587314774699,0.5105401553899281
559,24466,14407,19.058823529411768,6.341538461538462,21.176470588235293,24.530526315789473,-0.0008011989366945001,0.3956315981411468
560,24466,14407,23.294117647058826,10.993333333333334,10.588235294117652,31.086315789473684,-0.0213778943128924,0.5187687173693252
561,24466,31930,6.352941176470587,18.93777777777778,-27.529411764705884,-4.227692307692307,0.0353485317761416,0.14951592175161463
562,24466,31930,11.647058823529413,14.66,-6.352941176470587,21.616842105263157,0.0063990585113778,1.3873597837243252
563,24466,33512,24.352941176470587,22.34526315789474,22.235294117647058,-2.1138461538461537,0.002508857958974202,0.983874801453904
564,31930,3837,-30.705882352941174,14.04888888888889,-36.0,12.826666666666666,-0.0003111073846003001,1.9676016229615987
565,31930,7017,-22.235294117647058,21.616842105263157,-15.882352941176464,14.66,0.0011182381909899002,0.8396732433165156
566,31930,7387,-41.5,-10.993333333333334,-45.625,-2.1138461538461537,7.778528308800088e-06,1.0189793378054355
567,31930,7863,-23.294117647058826,-29.629473684210527,-3.176470588235297,-20.88842105263158,0.0045658586090806,1.673618903924368
568,31930,7863,-5.294117647058826,-3.523076923076923,-16.941176470588232,-27.44421052631579,-0.0041807833622357,2.1494504371762146
569,31930,7863,3.176470588235297,-20.88842105263158,7.411764705882348,-28.90105263157895,0.00023306318045660142,2.4331551920411183
570,31930,10082,-23.294117647058826,27.44421052631579,-29.647058823529406,31.814736842105262,-0.0005668514368178999,0.24209795164849657
571,31930,10082,-14.823529411764696,23.073684210526316,-8.470588235294116,31.086315789473684,0.0009469083065190001,1.3637623369882261
572,31930,10738,-21.176470588235304,-25.258947368421055,-1.058823529411768,-17.715555555555554,0.0055591300714382,2.5083783472079357
573,31930,10738,7.411764705882348,-28.172631578947367,26.470588235294116,-0.7046153846153846,0.0280428713268205,2.2091951718013423
574,31930,10738,16.941176470588232,-12.826666666666668,27.529411764705884,-1.4092307692307693,0.016266348242213704,1.9962614031864125
575,31930,14407,4.235294117647058,14.66,6.352941176470587,28.172631578947367,-0.0012742440613288993,0.7670804444647811
576,31930,31930,-11.64705882352942,-28.90105263157895,-13.764705882352942,-25.98736842105263,-0.00030933786229520033,1.2692373429090307
577,31930,33512,-39.66666666666667,-26.71578947368421,-44.25,-30.357894736842105,-0.00013991928579859991,2.193740541131766
578,31930,33512,-20.117647058823536,-30.357894736842105,-13.764705882352942,-12.826666666666668,0.0017840779559479,2.4509371336698127
579,31930,33512,-11.64705882352942,-24.530526315789473,-23.294117647058826,-12.826666666666668,-0.0013675935052524998,2.836335200850102
580,31930,33512,-4.235294117647058,-18.326666666666668,4.235294117647058,-19.54888888888889,0.003547135337731,1.9092355876999463
581,33512,3837,-45.625,-16.493333333333332,-47.0,1.4092307692307693,0.0001460952482077,4.1628698589359745
582,33512,7017,-14.823529411764696,-18.326666666666668,-5.294117647058826,4.932307692307693,0.0032635363529846997,1.2412442790813074
583,33512,7017,6.352941176470587,-4.227692307692307,13.764705882352942,10.993333333333334,0.008018990983069098,0.5750485012803351
584,33512,7387,14.82352941176471,-18.326666666666668,2.117647058823529,-16.493333333333332,-0.009922423673804201,1.2477912740434272
585,33512,7863,-19.058823529411768,-30.357894736842105,12.705882352941174,-25.258947368421055,0.0125410912800156,2.320155382014547
586,33512,7863,3.176470588235297,-14.66,15.882352941176471,-19.54888888888889,0.0099845709756978,1.474183238455661
587,33512,7863,3.176470588235297,-6.341538461538462,12.705882352941174,-15.27111111111111,0.007758934020211501,1.3572497451852095
588,33512,10082,-16.941176470588232,25.258947368421055,-22.235294117647058,31.814736842105262,-0.0009918213023067,0.3166419012943477
589,33512,10738,-13.764705882352942,-12.826666666666668,3.176470588235297,-12.826666666666668,0.006344383674655599,1.6178365926900158
590,33512,10738,5.294117647058826,-14.04888888888889,18.0,-20.88842105263158,0.010810524630972599,0.5798608265999333
591,33512,10738,8.470588235294116,-14.04888888888889,18.0,-5.636923076923077,0.012904384544931301,1.0999937104090978
592,33512,10738,11.647058823529413,-23.802105263157895,19.058823529411768,-8.455384615384615,0.012820779130780101,0.1410272226291877
593,33512,10738,22.235294117647058,-2.1138461538461537,24.352941176470587,-16.493333333333332,0.0013296930979911983,0.8900115652988712
594,33512,14407,7.411764705882348,-10.382222222222222,18.0,7.750769230769231,0.0124061482987533,1.4393338367869102
595,33512,24466,18.0,-10.993333333333334,23.294117647058826,10.993333333333334,0.007848983980846002,0.9508842036379626
596,33512,31930,-23.294117647058826,22.34526315789474,-30.705882352941174,14.04888888888889,-0.0006056752220057998,2.3262434947695128
597,33512,31930,-12.705882352941174,-24.530526315789473,-21.176470588235304,-25.258947368421055,-0.0013072674029517002,1.7982720160056649
598,33512,31930,6.352941176470587,-21.61684210526316,-5.294117647058826,-28.172631578947367,-0.0057336868005662,1.8891301696246874
599,33512,31930,7.411764705882348,-21.61684210526316,-4.235294117647058,-18.326666666666668,-0.0049802089549707005,1.4518195093671689
600,33512,31930,13.764705882352942,14.66,5.294117647058826,-4.932307692307693,-0.0079970419444798,1.3338400369124206
601,33512,31930,16.941176470588232,-4.932307692307693,16.941176470588232,-12.826666666666668,-0.0019926976002552013,1.4861226540660455
